{"cameraMode":{"drawMode":0,"name":"Shaded","section":"Shading Mode"},"sceneLighting":true,"audioPlay":false,"sceneViewState":{"showFog":true,"showMaterialUpdate":true,"showSkybox":true,"showFlares":true,"showImageEffects":true,"showParticleSystems":true},"in2DMode":false,"pivot":{"x":-3.938939094543457,"y":1.3581457138061524,"z":-4.781258583068848},"rotation":{"x":-0.11591296643018723,"y":0.827874481678009,"z":-0.18583276867866517,"w":-0.5163857936859131},"size":22.103984832763673,"orthographic":false}